BLOC;COMPETENCE;SOUS-COMPETENCE
BLOC 1;COMPETENCE 1;SOUS-COMEPTENCE 1
BLOC 1;COMPETENCE 1;SOUS-COMEPTENCE 2
BLOC 1;COMPETENCE 1;SOUS-COMEPTENCE 3
BLOC 1;COMPETENCE 1;SOUS-COMEPTENCE 4
BLOC 1;COMPETENCE 1;SOUS-COMEPTENCE 5
BLOC 1;COMPETENCE 1;SOUS-COMEPTENCE 6
BLOC 1;COMPETENCE 2;SOUS-COMEPTENCE 7
BLOC 1;COMPETENCE 2;SOUS-COMEPTENCE 8
BLOC 1;COMPETENCE 2;SOUS-COMEPTENCE 9
BLOC 1;COMPETENCE 2;SOUS-COMEPTENCE 10
BLOC 1;COMPETENCE 2;SOUS-COMEPTENCE 11
BLOC 1;COMPETENCE 2;SOUS-COMEPTENCE 12
BLOC 2;COMPETENCE 3;SOUS-COMEPTENCE 13
BLOC 2;COMPETENCE 3;SOUS-COMEPTENCE 14
BLOC 2;COMPETENCE 3;SOUS-COMEPTENCE 15
BLOC 2;COMPETENCE 3;SOUS-COMEPTENCE 16
